{
    "annotations": {
        "list": [
            {
                "builtIn": 1,
                "datasource": "-- Grafana --",
                "enable": true,
                "hide": true,
                "iconColor": "rgba(0, 211, 255, 1)",
                "name": "Annotations & Alerts",
                "type": "dashboard"
            }
        ]
    },
    "editable": true,
    "gnetId": null,
    "graphTooltip": 0,
    "iteration": 1667344411089,
    "links": [],
    "panels": [
        {
            "aliasColors": {},
            "bars": false,
            "dashLength": 10,
            "dashes": false,
            "datasource": "${datasource}",
            "description": "Amount spilled by dataset operators. DataContext.enable_get_object_locations_for_metrics must be set to True to report this metric",
            "fieldConfig": {
                "defaults": {},
                "overrides": []
            },
            "fill": 10,
            "fillGradient": 0,
            "gridPos": {
                "h": 8,
                "w": 12,
                "x": 0,
                "y": 0
            },
            "hiddenSeries": false,
            "id": 1,
            "legend": {
                "alignAsTable": true,
                "avg": false,
                "current": true,
                "hideEmpty": false,
                "hideZero": true,
                "max": false,
                "min": false,
                "rightSide": false,
                "show": true,
                "sort": "current",
                "sortDesc": true,
                "total": false,
                "values": true
            },
            "lines": true,
            "linewidth": 1,
            "nullPointMode": "null",
            "options": {
                "alertThreshold": true
            },
            "percentage": false,
            "pluginVersion": "7.5.17",
            "pointradius": 2,
            "points": false,
            "renderer": "flot",
            "seriesOverrides": [
                {
                    "$$hashKey": "object:2987",
                    "alias": "MAX",
                    "dashes": true,
                    "color": "#1F60C4",
                    "fill": 0,
                    "stack": false
                },
                {
                    "$$hashKey": "object:78",
                    "alias": "/FINISHED|FAILED|DEAD|REMOVED|Failed Nodes:/",
                    "hiddenSeries": true
                },
                {
                    "$$hashKey": "object:2987",
                    "alias": "MAX + PENDING",
                    "dashes": true,
                    "color": "#777777",
                    "fill": 0,
                    "stack": false
                }
            ],
            "spaceLength": 10,
            "stack": true,
            "steppedLine": false,
            "targets": [
                {
                    "exemplar": true,
                    "expr": "sum(ray_data_spilled_bytes{dataset=~\"$DatasetID\",SessionName=~\"$SessionName\",}) by (dataset, operator)",
                    "interval": "",
                    "legendFormat": "Bytes Spilled: {{dataset}}, {{operator}}",
                    "queryType": "randomWalk",
                    "refId": "A"
                }
            ],
            "thresholds": [],
            "timeFrom": null,
            "timeRegions": [],
            "timeShift": null,
            "title": "Bytes Spilled",
            "tooltip": {
                "shared": true,
                "sort": 0,
                "value_type": "individual"
            },
            "type": "graph",
            "xaxis": {
                "buckets": null,
                "mode": "time",
                "name": null,
                "show": true,
                "values": []
            },
            "yaxes": [
                {
                    "$$hashKey": "object:628",
                    "format": "bytes",
                    "label": "",
                    "logBase": 1,
                    "max": null,
                    "min": "0",
                    "show": true
                },
                {
                    "$$hashKey": "object:629",
                    "format": "short",
                    "label": null,
                    "logBase": 1,
                    "max": null,
                    "min": null,
                    "show": true
                }
            ],
            "yaxis": {
                "align": false,
                "alignLevel": null
            }
        },
        {
            "aliasColors": {},
            "bars": false,
            "dashLength": 10,
            "dashes": false,
            "datasource": "${datasource}",
            "description": "Amount allocated by dataset operators.",
            "fieldConfig": {
                "defaults": {},
                "overrides": []
            },
            "fill": 10,
            "fillGradient": 0,
            "gridPos": {
                "h": 8,
                "w": 12,
                "x": 12,
                "y": 0
            },
            "hiddenSeries": false,
            "id": 2,
            "legend": {
                "alignAsTable": true,
                "avg": false,
                "current": true,
                "hideEmpty": false,
                "hideZero": true,
                "max": false,
                "min": false,
                "rightSide": false,
                "show": true,
                "sort": "current",
                "sortDesc": true,
                "total": false,
                "values": true
            },
            "lines": true,
            "linewidth": 1,
            "nullPointMode": "null",
            "options": {
                "alertThreshold": true
            },
            "percentage": false,
            "pluginVersion": "7.5.17",
            "pointradius": 2,
            "points": false,
            "renderer": "flot",
            "seriesOverrides": [
                {
                    "$$hashKey": "object:2987",
                    "alias": "MAX",
                    "dashes": true,
                    "color": "#1F60C4",
                    "fill": 0,
                    "stack": false
                },
                {
                    "$$hashKey": "object:78",
                    "alias": "/FINISHED|FAILED|DEAD|REMOVED|Failed Nodes:/",
                    "hiddenSeries": true
                },
                {
                    "$$hashKey": "object:2987",
                    "alias": "MAX + PENDING",
                    "dashes": true,
                    "color": "#777777",
                    "fill": 0,
                    "stack": false
                }
            ],
            "spaceLength": 10,
            "stack": true,
            "steppedLine": false,
            "targets": [
                {
                    "exemplar": true,
                    "expr": "sum(ray_data_allocated_bytes{dataset=~\"$DatasetID\",SessionName=~\"$SessionName\",}) by (dataset, operator)",
                    "interval": "",
                    "legendFormat": "Bytes Allocated: {{dataset}}, {{operator}}",
                    "queryType": "randomWalk",
                    "refId": "A"
                }
            ],
            "thresholds": [],
            "timeFrom": null,
            "timeRegions": [],
            "timeShift": null,
            "title": "Bytes Allocated",
            "tooltip": {
                "shared": true,
                "sort": 0,
                "value_type": "individual"
            },
            "type": "graph",
            "xaxis": {
                "buckets": null,
                "mode": "time",
                "name": null,
                "show": true,
                "values": []
            },
            "yaxes": [
                {
                    "$$hashKey": "object:628",
                    "format": "bytes",
                    "label": "",
                    "logBase": 1,
                    "max": null,
                    "min": "0",
                    "show": true
                },
                {
                    "$$hashKey": "object:629",
                    "format": "short",
                    "label": null,
                    "logBase": 1,
                    "max": null,
                    "min": null,
                    "show": true
                }
            ],
            "yaxis": {
                "align": false,
                "alignLevel": null
            }
        },
        {
            "aliasColors": {},
            "bars": false,
            "dashLength": 10,
            "dashes": false,
            "datasource": "${datasource}",
            "description": "Amount freed by dataset operators.",
            "fieldConfig": {
                "defaults": {},
                "overrides": []
            },
            "fill": 10,
            "fillGradient": 0,
            "gridPos": {
                "h": 8,
                "w": 12,
                "x": 0,
                "y": 1
            },
            "hiddenSeries": false,
            "id": 3,
            "legend": {
                "alignAsTable": true,
                "avg": false,
                "current": true,
                "hideEmpty": false,
                "hideZero": true,
                "max": false,
                "min": false,
                "rightSide": false,
                "show": true,
                "sort": "current",
                "sortDesc": true,
                "total": false,
                "values": true
            },
            "lines": true,
            "linewidth": 1,
            "nullPointMode": "null",
            "options": {
                "alertThreshold": true
            },
            "percentage": false,
            "pluginVersion": "7.5.17",
            "pointradius": 2,
            "points": false,
            "renderer": "flot",
            "seriesOverrides": [
                {
                    "$$hashKey": "object:2987",
                    "alias": "MAX",
                    "dashes": true,
                    "color": "#1F60C4",
                    "fill": 0,
                    "stack": false
                },
                {
                    "$$hashKey": "object:78",
                    "alias": "/FINISHED|FAILED|DEAD|REMOVED|Failed Nodes:/",
                    "hiddenSeries": true
                },
                {
                    "$$hashKey": "object:2987",
                    "alias": "MAX + PENDING",
                    "dashes": true,
                    "color": "#777777",
                    "fill": 0,
                    "stack": false
                }
            ],
            "spaceLength": 10,
            "stack": true,
            "steppedLine": false,
            "targets": [
                {
                    "exemplar": true,
                    "expr": "sum(ray_data_freed_bytes{dataset=~\"$DatasetID\",SessionName=~\"$SessionName\",}) by (dataset, operator)",
                    "interval": "",
                    "legendFormat": "Bytes Freed: {{dataset}}, {{operator}}",
                    "queryType": "randomWalk",
                    "refId": "A"
                }
            ],
            "thresholds": [],
            "timeFrom": null,
            "timeRegions": [],
            "timeShift": null,
            "title": "Bytes Freed",
            "tooltip": {
                "shared": true,
                "sort": 0,
                "value_type": "individual"
            },
            "type": "graph",
            "xaxis": {
                "buckets": null,
                "mode": "time",
                "name": null,
                "show": true,
                "values": []
            },
            "yaxes": [
                {
                    "$$hashKey": "object:628",
                    "format": "bytes",
                    "label": "",
                    "logBase": 1,
                    "max": null,
                    "min": "0",
                    "show": true
                },
                {
                    "$$hashKey": "object:629",
                    "format": "short",
                    "label": null,
                    "logBase": 1,
                    "max": null,
                    "min": null,
                    "show": true
                }
            ],
            "yaxis": {
                "align": false,
                "alignLevel": null
            }
        },
        {
            "aliasColors": {},
            "bars": false,
            "dashLength": 10,
            "dashes": false,
            "datasource": "${datasource}",
            "description": "Amount of memory store used by dataset operators.",
            "fieldConfig": {
                "defaults": {},
                "overrides": []
            },
            "fill": 10,
            "fillGradient": 0,
            "gridPos": {
                "h": 8,
                "w": 12,
                "x": 12,
                "y": 1
            },
            "hiddenSeries": false,
            "id": 4,
            "legend": {
                "alignAsTable": true,
                "avg": false,
                "current": true,
                "hideEmpty": false,
                "hideZero": true,
                "max": false,
                "min": false,
                "rightSide": false,
                "show": true,
                "sort": "current",
                "sortDesc": true,
                "total": false,
                "values": true
            },
            "lines": true,
            "linewidth": 1,
            "nullPointMode": "null",
            "options": {
                "alertThreshold": true
            },
            "percentage": false,
            "pluginVersion": "7.5.17",
            "pointradius": 2,
            "points": false,
            "renderer": "flot",
            "seriesOverrides": [
                {
                    "$$hashKey": "object:2987",
                    "alias": "MAX",
                    "dashes": true,
                    "color": "#1F60C4",
                    "fill": 0,
                    "stack": false
                },
                {
                    "$$hashKey": "object:78",
                    "alias": "/FINISHED|FAILED|DEAD|REMOVED|Failed Nodes:/",
                    "hiddenSeries": true
                },
                {
                    "$$hashKey": "object:2987",
                    "alias": "MAX + PENDING",
                    "dashes": true,
                    "color": "#777777",
                    "fill": 0,
                    "stack": false
                }
            ],
            "spaceLength": 10,
            "stack": true,
            "steppedLine": false,
            "targets": [
                {
                    "exemplar": true,
                    "expr": "sum(ray_data_current_bytes{dataset=~\"$DatasetID\",SessionName=~\"$SessionName\",}) by (dataset, operator)",
                    "interval": "",
                    "legendFormat": "Current Usage: {{dataset}}, {{operator}}",
                    "queryType": "randomWalk",
                    "refId": "A"
                }
            ],
            "thresholds": [],
            "timeFrom": null,
            "timeRegions": [],
            "timeShift": null,
            "title": "Object Store Memory",
            "tooltip": {
                "shared": true,
                "sort": 0,
                "value_type": "individual"
            },
            "type": "graph",
            "xaxis": {
                "buckets": null,
                "mode": "time",
                "name": null,
                "show": true,
                "values": []
            },
            "yaxes": [
                {
                    "$$hashKey": "object:628",
                    "format": "bytes",
                    "label": "",
                    "logBase": 1,
                    "max": null,
                    "min": "0",
                    "show": true
                },
                {
                    "$$hashKey": "object:629",
                    "format": "short",
                    "label": null,
                    "logBase": 1,
                    "max": null,
                    "min": null,
                    "show": true
                }
            ],
            "yaxis": {
                "align": false,
                "alignLevel": null
            }
        },
        {
            "aliasColors": {},
            "bars": false,
            "dashLength": 10,
            "dashes": false,
            "datasource": "${datasource}",
            "description": "Logical CPUs allocated to dataset operators.",
            "fieldConfig": {
                "defaults": {},
                "overrides": []
            },
            "fill": 10,
            "fillGradient": 0,
            "gridPos": {
                "h": 8,
                "w": 12,
                "x": 0,
                "y": 2
            },
            "hiddenSeries": false,
            "id": 5,
            "legend": {
                "alignAsTable": true,
                "avg": false,
                "current": true,
                "hideEmpty": false,
                "hideZero": true,
                "max": false,
                "min": false,
                "rightSide": false,
                "show": true,
                "sort": "current",
                "sortDesc": true,
                "total": false,
                "values": true
            },
            "lines": true,
            "linewidth": 1,
            "nullPointMode": "null",
            "options": {
                "alertThreshold": true
            },
            "percentage": false,
            "pluginVersion": "7.5.17",
            "pointradius": 2,
            "points": false,
            "renderer": "flot",
            "seriesOverrides": [
                {
                    "$$hashKey": "object:2987",
                    "alias": "MAX",
                    "dashes": true,
                    "color": "#1F60C4",
                    "fill": 0,
                    "stack": false
                },
                {
                    "$$hashKey": "object:78",
                    "alias": "/FINISHED|FAILED|DEAD|REMOVED|Failed Nodes:/",
                    "hiddenSeries": true
                },
                {
                    "$$hashKey": "object:2987",
                    "alias": "MAX + PENDING",
                    "dashes": true,
                    "color": "#777777",
                    "fill": 0,
                    "stack": false
                }
            ],
            "spaceLength": 10,
            "stack": true,
            "steppedLine": false,
            "targets": [
                {
                    "exemplar": true,
                    "expr": "sum(ray_data_cpu_usage_cores{dataset=~\"$DatasetID\",SessionName=~\"$SessionName\",}) by (dataset, operator)",
                    "interval": "",
                    "legendFormat": "CPU Usage: {{dataset}}, {{operator}}",
                    "queryType": "randomWalk",
                    "refId": "A"
                }
            ],
            "thresholds": [],
            "timeFrom": null,
            "timeRegions": [],
            "timeShift": null,
            "title": "CPUs (logical slots)",
            "tooltip": {
                "shared": true,
                "sort": 0,
                "value_type": "individual"
            },
            "type": "graph",
            "xaxis": {
                "buckets": null,
                "mode": "time",
                "name": null,
                "show": true,
                "values": []
            },
            "yaxes": [
                {
                    "$$hashKey": "object:628",
                    "format": "cores",
                    "label": "",
                    "logBase": 1,
                    "max": null,
                    "min": "0",
                    "show": true
                },
                {
                    "$$hashKey": "object:629",
                    "format": "short",
                    "label": null,
                    "logBase": 1,
                    "max": null,
                    "min": null,
                    "show": true
                }
            ],
            "yaxis": {
                "align": false,
                "alignLevel": null
            }
        },
        {
            "aliasColors": {},
            "bars": false,
            "dashLength": 10,
            "dashes": false,
            "datasource": "${datasource}",
            "description": "Logical GPUs allocated to dataset operators.",
            "fieldConfig": {
                "defaults": {},
                "overrides": []
            },
            "fill": 10,
            "fillGradient": 0,
            "gridPos": {
                "h": 8,
                "w": 12,
                "x": 12,
                "y": 2
            },
            "hiddenSeries": false,
            "id": 6,
            "legend": {
                "alignAsTable": true,
                "avg": false,
                "current": true,
                "hideEmpty": false,
                "hideZero": true,
                "max": false,
                "min": false,
                "rightSide": false,
                "show": true,
                "sort": "current",
                "sortDesc": true,
                "total": false,
                "values": true
            },
            "lines": true,
            "linewidth": 1,
            "nullPointMode": "null",
            "options": {
                "alertThreshold": true
            },
            "percentage": false,
            "pluginVersion": "7.5.17",
            "pointradius": 2,
            "points": false,
            "renderer": "flot",
            "seriesOverrides": [
                {
                    "$$hashKey": "object:2987",
                    "alias": "MAX",
                    "dashes": true,
                    "color": "#1F60C4",
                    "fill": 0,
                    "stack": false
                },
                {
                    "$$hashKey": "object:78",
                    "alias": "/FINISHED|FAILED|DEAD|REMOVED|Failed Nodes:/",
                    "hiddenSeries": true
                },
                {
                    "$$hashKey": "object:2987",
                    "alias": "MAX + PENDING",
                    "dashes": true,
                    "color": "#777777",
                    "fill": 0,
                    "stack": false
                }
            ],
            "spaceLength": 10,
            "stack": true,
            "steppedLine": false,
            "targets": [
                {
                    "exemplar": true,
                    "expr": "sum(ray_data_gpu_usage_cores{dataset=~\"$DatasetID\",SessionName=~\"$SessionName\",}) by (dataset, operator)",
                    "interval": "",
                    "legendFormat": "GPU Usage: {{dataset}}, {{operator}}",
                    "queryType": "randomWalk",
                    "refId": "A"
                }
            ],
            "thresholds": [],
            "timeFrom": null,
            "timeRegions": [],
            "timeShift": null,
            "title": "GPUs (logical slots)",
            "tooltip": {
                "shared": true,
                "sort": 0,
                "value_type": "individual"
            },
            "type": "graph",
            "xaxis": {
                "buckets": null,
                "mode": "time",
                "name": null,
                "show": true,
                "values": []
            },
            "yaxes": [
                {
                    "$$hashKey": "object:628",
                    "format": "cores",
                    "label": "",
                    "logBase": 1,
                    "max": null,
                    "min": "0",
                    "show": true
                },
                {
                    "$$hashKey": "object:629",
                    "format": "short",
                    "label": null,
                    "logBase": 1,
                    "max": null,
                    "min": null,
                    "show": true
                }
            ],
            "yaxis": {
                "align": false,
                "alignLevel": null
            }
        },
        {
            "aliasColors": {},
            "bars": false,
            "dashLength": 10,
            "dashes": false,
            "datasource": "${datasource}",
            "description": "Total bytes outputted by dataset operators.",
            "fieldConfig": {
                "defaults": {},
                "overrides": []
            },
            "fill": 10,
            "fillGradient": 0,
            "gridPos": {
                "h": 8,
                "w": 12,
                "x": 0,
                "y": 3
            },
            "hiddenSeries": false,
            "id": 7,
            "legend": {
                "alignAsTable": true,
                "avg": false,
                "current": true,
                "hideEmpty": false,
                "hideZero": true,
                "max": false,
                "min": false,
                "rightSide": false,
                "show": true,
                "sort": "current",
                "sortDesc": true,
                "total": false,
                "values": true
            },
            "lines": true,
            "linewidth": 1,
            "nullPointMode": "null",
            "options": {
                "alertThreshold": true
            },
            "percentage": false,
            "pluginVersion": "7.5.17",
            "pointradius": 2,
            "points": false,
            "renderer": "flot",
            "seriesOverrides": [
                {
                    "$$hashKey": "object:2987",
                    "alias": "MAX",
                    "dashes": true,
                    "color": "#1F60C4",
                    "fill": 0,
                    "stack": false
                },
                {
                    "$$hashKey": "object:78",
                    "alias": "/FINISHED|FAILED|DEAD|REMOVED|Failed Nodes:/",
                    "hiddenSeries": true
                },
                {
                    "$$hashKey": "object:2987",
                    "alias": "MAX + PENDING",
                    "dashes": true,
                    "color": "#777777",
                    "fill": 0,
                    "stack": false
                }
            ],
            "spaceLength": 10,
            "stack": true,
            "steppedLine": false,
            "targets": [
                {
                    "exemplar": true,
                    "expr": "sum(ray_data_output_bytes{dataset=~\"$DatasetID\",SessionName=~\"$SessionName\",}) by (dataset, operator)",
                    "interval": "",
                    "legendFormat": "Bytes Outputted: {{dataset}}, {{operator}}",
                    "queryType": "randomWalk",
                    "refId": "A"
                }
            ],
            "thresholds": [],
            "timeFrom": null,
            "timeRegions": [],
            "timeShift": null,
            "title": "Bytes Outputted",
            "tooltip": {
                "shared": true,
                "sort": 0,
                "value_type": "individual"
            },
            "type": "graph",
            "xaxis": {
                "buckets": null,
                "mode": "time",
                "name": null,
                "show": true,
                "values": []
            },
            "yaxes": [
                {
                    "$$hashKey": "object:628",
                    "format": "bytes",
                    "label": "",
                    "logBase": 1,
                    "max": null,
                    "min": "0",
                    "show": true
                },
                {
                    "$$hashKey": "object:629",
                    "format": "short",
                    "label": null,
                    "logBase": 1,
                    "max": null,
                    "min": null,
                    "show": true
                }
            ],
            "yaxis": {
                "align": false,
                "alignLevel": null
            }
        },
        {
            "aliasColors": {},
            "bars": false,
            "dashLength": 10,
            "dashes": false,
            "datasource": "${datasource}",
            "description": "Total rows outputted by dataset operators.",
            "fieldConfig": {
                "defaults": {},
                "overrides": []
            },
            "fill": 10,
            "fillGradient": 0,
            "gridPos": {
                "h": 8,
                "w": 12,
                "x": 12,
                "y": 3
            },
            "hiddenSeries": false,
            "id": 11,
            "legend": {
                "alignAsTable": true,
                "avg": false,
                "current": true,
                "hideEmpty": false,
                "hideZero": true,
                "max": false,
                "min": false,
                "rightSide": false,
                "show": true,
                "sort": "current",
                "sortDesc": true,
                "total": false,
                "values": true
            },
            "lines": true,
            "linewidth": 1,
            "nullPointMode": "null",
            "options": {
                "alertThreshold": true
            },
            "percentage": false,
            "pluginVersion": "7.5.17",
            "pointradius": 2,
            "points": false,
            "renderer": "flot",
            "seriesOverrides": [
                {
                    "$$hashKey": "object:2987",
                    "alias": "MAX",
                    "dashes": true,
                    "color": "#1F60C4",
                    "fill": 0,
                    "stack": false
                },
                {
                    "$$hashKey": "object:78",
                    "alias": "/FINISHED|FAILED|DEAD|REMOVED|Failed Nodes:/",
                    "hiddenSeries": true
                },
                {
                    "$$hashKey": "object:2987",
                    "alias": "MAX + PENDING",
                    "dashes": true,
                    "color": "#777777",
                    "fill": 0,
                    "stack": false
                }
            ],
            "spaceLength": 10,
            "stack": true,
            "steppedLine": false,
            "targets": [
                {
                    "exemplar": true,
                    "expr": "sum(ray_data_output_rows{dataset=~\"$DatasetID\",SessionName=~\"$SessionName\",}) by (dataset, operator)",
                    "interval": "",
                    "legendFormat": "Rows Outputted: {{dataset}}, {{operator}}",
                    "queryType": "randomWalk",
                    "refId": "A"
                }
            ],
            "thresholds": [],
            "timeFrom": null,
            "timeRegions": [],
            "timeShift": null,
            "title": "Rows Outputted",
            "tooltip": {
                "shared": true,
                "sort": 0,
                "value_type": "individual"
            },
            "type": "graph",
            "xaxis": {
                "buckets": null,
                "mode": "time",
                "name": null,
                "show": true,
                "values": []
            },
            "yaxes": [
                {
                    "$$hashKey": "object:628",
                    "format": "rows",
                    "label": "",
                    "logBase": 1,
                    "max": null,
                    "min": "0",
                    "show": true
                },
                {
                    "$$hashKey": "object:629",
                    "format": "short",
                    "label": null,
                    "logBase": 1,
                    "max": null,
                    "min": null,
                    "show": true
                }
            ],
            "yaxis": {
                "align": false,
                "alignLevel": null
            }
        },
        {
            "aliasColors": {},
            "bars": false,
            "dashLength": 10,
            "dashes": false,
            "datasource": "${datasource}",
            "description": "Time spent generating blocks.",
            "fieldConfig": {
                "defaults": {},
                "overrides": []
            },
            "fill": 10,
            "fillGradient": 0,
            "gridPos": {
                "h": 8,
                "w": 12,
                "x": 0,
                "y": 4
            },
            "hiddenSeries": false,
            "id": 8,
            "legend": {
                "alignAsTable": true,
                "avg": false,
                "current": true,
                "hideEmpty": false,
                "hideZero": true,
                "max": false,
                "min": false,
                "rightSide": false,
                "show": true,
                "sort": "current",
                "sortDesc": true,
                "total": false,
                "values": true
            },
            "lines": true,
            "linewidth": 1,
            "nullPointMode": "null",
            "options": {
                "alertThreshold": true
            },
            "percentage": false,
            "pluginVersion": "7.5.17",
            "pointradius": 2,
            "points": false,
            "renderer": "flot",
            "seriesOverrides": [
                {
                    "$$hashKey": "object:2987",
                    "alias": "MAX",
                    "dashes": true,
                    "color": "#1F60C4",
                    "fill": 0,
                    "stack": false
                },
                {
                    "$$hashKey": "object:78",
                    "alias": "/FINISHED|FAILED|DEAD|REMOVED|Failed Nodes:/",
                    "hiddenSeries": true
                },
                {
                    "$$hashKey": "object:2987",
                    "alias": "MAX + PENDING",
                    "dashes": true,
                    "color": "#777777",
                    "fill": 0,
                    "stack": false
                }
            ],
            "spaceLength": 10,
            "stack": true,
            "steppedLine": false,
            "targets": [
                {
                    "exemplar": true,
                    "expr": "sum(ray_data_block_generation_seconds{dataset=~\"$DatasetID\",SessionName=~\"$SessionName\",}) by (dataset, operator)",
                    "interval": "",
                    "legendFormat": "Block Generation Time: {{dataset}}, {{operator}}",
                    "queryType": "randomWalk",
                    "refId": "A"
                }
            ],
            "thresholds": [],
            "timeFrom": null,
            "timeRegions": [],
            "timeShift": null,
            "title": "Block Generation Time",
            "tooltip": {
                "shared": true,
                "sort": 0,
                "value_type": "individual"
            },
            "type": "graph",
            "xaxis": {
                "buckets": null,
                "mode": "time",
                "name": null,
                "show": true,
                "values": []
            },
            "yaxes": [
                {
                    "$$hashKey": "object:628",
                    "format": "seconds",
                    "label": "",
                    "logBase": 1,
                    "max": null,
                    "min": "0",
                    "show": true
                },
                {
                    "$$hashKey": "object:629",
                    "format": "short",
                    "label": null,
                    "logBase": 1,
                    "max": null,
                    "min": null,
                    "show": true
                }
            ],
            "yaxis": {
                "align": false,
                "alignLevel": null
            }
        },
        {
            "aliasColors": {},
            "bars": false,
            "dashLength": 10,
            "dashes": false,
            "datasource": "${datasource}",
            "description": "Seconds user thread is blocked by iter_batches()",
            "fieldConfig": {
                "defaults": {},
                "overrides": []
            },
            "fill": 10,
            "fillGradient": 0,
            "gridPos": {
                "h": 8,
                "w": 12,
                "x": 12,
                "y": 4
            },
            "hiddenSeries": false,
            "id": 9,
            "legend": {
                "alignAsTable": true,
                "avg": false,
                "current": true,
                "hideEmpty": false,
                "hideZero": true,
                "max": false,
                "min": false,
                "rightSide": false,
                "show": true,
                "sort": "current",
                "sortDesc": true,
                "total": false,
                "values": true
            },
            "lines": true,
            "linewidth": 1,
            "nullPointMode": "null",
            "options": {
                "alertThreshold": true
            },
            "percentage": false,
            "pluginVersion": "7.5.17",
            "pointradius": 2,
            "points": false,
            "renderer": "flot",
            "seriesOverrides": [
                {
                    "$$hashKey": "object:2987",
                    "alias": "MAX",
                    "dashes": true,
                    "color": "#1F60C4",
                    "fill": 0,
                    "stack": false
                },
                {
                    "$$hashKey": "object:78",
                    "alias": "/FINISHED|FAILED|DEAD|REMOVED|Failed Nodes:/",
                    "hiddenSeries": true
                },
                {
                    "$$hashKey": "object:2987",
                    "alias": "MAX + PENDING",
                    "dashes": true,
                    "color": "#777777",
                    "fill": 0,
                    "stack": false
                }
            ],
            "spaceLength": 10,
            "stack": true,
            "steppedLine": false,
            "targets": [
                {
                    "exemplar": true,
                    "expr": "sum(ray_data_iter_total_blocked_seconds{dataset=~\"$DatasetID\",SessionName=~\"$SessionName\",}) by (dataset)",
                    "interval": "",
                    "legendFormat": "Seconds: {{dataset}}",
                    "queryType": "randomWalk",
                    "refId": "A"
                }
            ],
            "thresholds": [],
            "timeFrom": null,
            "timeRegions": [],
            "timeShift": null,
            "title": "Iteration Blocked Time",
            "tooltip": {
                "shared": true,
                "sort": 0,
                "value_type": "individual"
            },
            "type": "graph",
            "xaxis": {
                "buckets": null,
                "mode": "time",
                "name": null,
                "show": true,
                "values": []
            },
            "yaxes": [
                {
                    "$$hashKey": "object:628",
                    "format": "seconds",
                    "label": "",
                    "logBase": 1,
                    "max": null,
                    "min": "0",
                    "show": true
                },
                {
                    "$$hashKey": "object:629",
                    "format": "short",
                    "label": null,
                    "logBase": 1,
                    "max": null,
                    "min": null,
                    "show": true
                }
            ],
            "yaxis": {
                "align": false,
                "alignLevel": null
            }
        },
        {
            "aliasColors": {},
            "bars": false,
            "dashLength": 10,
            "dashes": false,
            "datasource": "${datasource}",
            "description": "Seconds spent in user code",
            "fieldConfig": {
                "defaults": {},
                "overrides": []
            },
            "fill": 10,
            "fillGradient": 0,
            "gridPos": {
                "h": 8,
                "w": 12,
                "x": 0,
                "y": 5
            },
            "hiddenSeries": false,
            "id": 10,
            "legend": {
                "alignAsTable": true,
                "avg": false,
                "current": true,
                "hideEmpty": false,
                "hideZero": true,
                "max": false,
                "min": false,
                "rightSide": false,
                "show": true,
                "sort": "current",
                "sortDesc": true,
                "total": false,
                "values": true
            },
            "lines": true,
            "linewidth": 1,
            "nullPointMode": "null",
            "options": {
                "alertThreshold": true
            },
            "percentage": false,
            "pluginVersion": "7.5.17",
            "pointradius": 2,
            "points": false,
            "renderer": "flot",
            "seriesOverrides": [
                {
                    "$$hashKey": "object:2987",
                    "alias": "MAX",
                    "dashes": true,
                    "color": "#1F60C4",
                    "fill": 0,
                    "stack": false
                },
                {
                    "$$hashKey": "object:78",
                    "alias": "/FINISHED|FAILED|DEAD|REMOVED|Failed Nodes:/",
                    "hiddenSeries": true
                },
                {
                    "$$hashKey": "object:2987",
                    "alias": "MAX + PENDING",
                    "dashes": true,
                    "color": "#777777",
                    "fill": 0,
                    "stack": false
                }
            ],
            "spaceLength": 10,
            "stack": true,
            "steppedLine": false,
            "targets": [
                {
                    "exemplar": true,
                    "expr": "sum(ray_data_iter_user_seconds{dataset=~\"$DatasetID\",SessionName=~\"$SessionName\",}) by (dataset)",
                    "interval": "",
                    "legendFormat": "Seconds: {{dataset}}",
                    "queryType": "randomWalk",
                    "refId": "A"
                }
            ],
            "thresholds": [],
            "timeFrom": null,
            "timeRegions": [],
            "timeShift": null,
            "title": "Iteration User Time",
            "tooltip": {
                "shared": true,
                "sort": 0,
                "value_type": "individual"
            },
            "type": "graph",
            "xaxis": {
                "buckets": null,
                "mode": "time",
                "name": null,
                "show": true,
                "values": []
            },
            "yaxes": [
                {
                    "$$hashKey": "object:628",
                    "format": "seconds",
                    "label": "",
                    "logBase": 1,
                    "max": null,
                    "min": "0",
                    "show": true
                },
                {
                    "$$hashKey": "object:629",
                    "format": "short",
                    "label": null,
                    "logBase": 1,
                    "max": null,
                    "min": null,
                    "show": true
                }
            ],
            "yaxis": {
                "align": false,
                "alignLevel": null
            }
        }
    ],
    "refresh": false,
    "schemaVersion": 27,
    "style": "dark",
    "tags": [
        "rayVersion:2.9.0"
    ],
    "templating": {
        "list": [
            {
                "current": {
                    "selected": false
                },
                "description": "Filter queries of a specific Prometheus type.",
                "hide": 2,
                "includeAll": false,
                "multi": false,
                "name": "datasource",
                "options": [],
                "query": "prometheus",
                "refresh": 1,
                "regex": "",
                "skipUrlSync": false,
                "type": "datasource"
            },
            {
                "allValue": ".+",
                "current": {
                    "selected": false
                },
                "datasource": "${datasource}",
                "definition": "label_values(ray_data_allocated_bytes{}, SessionName)",
                "description": "Filter queries to specific ray sessions.",
                "error": null,
                "hide": 0,
                "includeAll": true,
                "label": null,
                "multi": false,
                "name": "SessionName",
                "options": [],
                "query": {
                    "query": "label_values(ray_data_allocated_bytes{}, SessionName)",
                    "refId": "StandardVariableQuery"
                },
                "refresh": 2,
                "regex": "",
                "skipUrlSync": false,
                "sort": 2,
                "tagValuesQuery": "",
                "tags": [],
                "tagsQuery": "",
                "type": "query",
                "useTags": false
            },
            {
                "allValue": ".+",
                "current": {
                    "selected": true,
                    "text": [
                        "All"
                    ],
                    "value": [
                        "$__all"
                    ]
                },
                "datasource": "${datasource}",
                "definition": "label_values(ray_data_allocated_bytes{}, dataset)",
                "description": null,
                "error": null,
                "hide": 0,
                "includeAll": true,
                "label": null,
                "multi": true,
                "name": "DatasetID",
                "options": [],
                "query": {
                    "query": "label_values(ray_data_allocated_bytes{}, dataset)",
                    "refId": "Prometheus-Dataset-Variable-Query"
                },
                "refresh": 2,
                "regex": "",
                "skipUrlSync": false,
                "sort": 0,
                "tagValuesQuery": "",
                "tags": [],
                "tagsQuery": "",
                "type": "query",
                "useTags": false
            }
        ]
    },
    "rayMeta": [
        "excludesSystemRoutes",
        "supportsGlobalFilterOverride"
    ],
    "time": {
        "from": "now-30m",
        "to": "now"
    },
    "timepicker": {},
    "timezone": "",
    "title": "Data Dashboard",
    "uid": "rayDataDashboard",
    "version": 1
}
